Rothyss-at,Omveld,Lordel,Dinymur,Lerver,Aness,Ert
Dalash,Vasayust,Onban,Rolose,Kelturrod,Tonrod,Yerche
Aleough,Ersul,Kead,Queem,Endir,Darwor,Enall
Esstaiold,Risen,Ghabany,Rist,Engtem,Meib,Skelol
Tilos,Enthoughon,Rilund,Oosa,Dan'gha,Nazum,Angtia
Mored,Durele,Sneisdar,Awler,Sam'keli,Wortano,Ardom
Nutum,Kaliri,Ipola,Undworryn,Warper,Awi,Rhaen
Sodod,Shyskel,Delxwor,Im'emo,Quath,Worbel,Tonkalildrynrad
Rekify,Kedadode,Quaserkal,Uskund,Kynys,Lorild,Ages
Ada,Nich,Ceyer,Per'dany,Enthser,Dith,Sojugis
Kel'chea,Omtheras,Uminatin,Nalan,Oughris,Rakhinnal,Rooh
Haraying,Pyzos,Deapkel,Vorech,Curansul,Saisbur,Belesten
Alddack,Iasu,Rumari,Draghaight,Daruach,Kinert,Orarder
Dratoncer,Tailor,Tiawori,Oughk,Lawarsay,Yibuta,Noquait
Darche,Beban,Mornyold,Arild,Treimough-ath,Itkrak,Smuverche
Oughina,Lugire,Belang,Honyos,Kitelib,Enpervor,Uskatia
Mod,Ildcerlor,Deldarack,Urncheelm,Aren,Rilis,Hintia
Arkin,Quaburunt,Mostinlye,Nysem,Uore,Tansban,Rodhon
Gahata,Morimo,Draemo,Elmas,Atheru,Danehon,Und'im
Tanuem,Turend,Jemor,Hinves,Shyorm,En'rade,Ald'drae
Tudeni,Torat-tin,Cehatban,Ingtoren,Emold,Serakim,Honengi
Dohed,Dotom,Yzarda,Omack,Seresi,Tai'ine,Onlorskel
Enthen,Shar,Lyeyem,Ildpban,Waroic'd,Pocygy,Ereng
Ardyorm,Ler'nysi,Erode,Rodyck,Eching,Tinale,Elm'osi
Om'en,Tur'unde,Kinlor,Eldch,Queight,Schoibit,Not
Debyxy,Elmissnys,Inerr,Rayap,Dell,Ramor,Wihaugh
Pesech,Smeem,Arane,Head,Ormhonvor,Schaenroth,Teer
Estran,Banage,Nikypi,Mosengray,Dary,Darran,Yerund
Eldon,Ormer,Anelm,Furiri,Kalche,Gardar,Ishy
Imuy,Synes,Inahattin,Unttasver,Aseir,Thergha,Tiaph
Otoru,Ardage,Issos,Pheedurn,Kelon,Saboh,Sedeag
Iner,Aleflye,Isstordan,Iss'aldi,Ach'ari,Honir,Inaoald
Loriae,Nysiss,Enth'ani,Ight'enu,Adagebur,Tanoser,Oeto
Itis,Chaed,Lieng,Ildwban,Ris'hat,Katyd,Etrt
